{
    "!ref": "A1:J10",
    "A1": {
        "t": "n",
        "v": 1,
        "s": {
            "numFmt": "General",
            "fill": {
                "patternType": "darkHorizontal",
                "fgColor": {
                    "theme": 9,
                    "tint": -0.249977111117893
                },
                "bgColor": {
                    "theme": 5,
                    "tint": 0.3999755851924192
                }
            },
            "font": {
                "sz": "12",
                "color": {
                    "theme": "1"
                },
                "name": "Calibri"
            },
            "border": {}
        },
        "w": "1",
        "z": "General"
    },
    "B1": {
        "t": "n",
        "v": 2,
        "f": "A1+1",
        "s": {
            "numFmt": "General",
            "fill": {
                "patternType": "darkHorizontal",
                "fgColor": {
                    "theme": 9,
                    "tint": -0.249977111117893
                },
                "bgColor": {
                    "theme": 5,
                    "tint": 0.3999755851924192
                }
            },
            "font": {
                "sz": "12",
                "color": {
                    "theme": "1"
                },
                "name": "Calibri"
            },
            "border": {}
        },
        "w": "2",
        "z": "General"
    },
    "C1": {
        "t": "n",
        "v": 3,
        "f": "B1+1",
        "s": {
            "numFmt": "General",
            "fill": {
                "patternType": "darkHorizontal",
                "fgColor": {
                    "theme": 9,
                    "tint": -0.249977111117893
                },
                "bgColor": {
                    "theme": 5,
                    "tint": 0.3999755851924192
                }
            },
            "font": {
                "sz": "12",
                "color": {
                    "theme": "1"
                },
                "name": "Calibri"
            },
            "border": {}
        },
        "w": "3",
        "z": "General"
    },
    "D1": {
        "t": "n",
        "v": 4,
        "s": {
            "numFmt": "General",
            "fill": {
                "patternType": "darkHorizontal",
                "fgColor": {
                    "theme": 9,
                    "tint": -0.249977111117893
                },
                "bgColor": {
                    "theme": 5,
                    "tint": 0.3999755851924192
                }
            },
            "font": {
                "sz": "12",
                "color": {
                    "theme": "1"
                },
                "name": "Calibri"
            },
            "border": {}
        },
        "w": "4",
        "z": "General"
    },
    "E1": {
        "t": "n",
        "v": 5,
        "s": {
            "numFmt": "General",
            "fill": {
                "patternType": "lightDown",
                "fgColor": {
                    "theme": 4,
                    "tint": -0.249977111117893
                },
                "bgColor": {
                    "theme": 7,
                    "tint": -0.249977111117893
                }
            },
            "font": {
                "sz": "12",
                "color": {
                    "theme": "1"
                },
                "name": "Calibri"
            },
            "border": {}
        },
        "w": "5",
        "z": "General"
    },
    "F1": {
        "t": "n",
        "v": 6,
        "s": {
            "numFmt": "General",
            "fill": {
                "patternType": "darkHorizontal",
                "fgColor": {
                    "theme": 9,
                    "tint": -0.249977111117893
                },
                "bgColor": {
                    "theme": 5,
                    "tint": 0.3999755851924192
                }
            },
            "font": {
                "sz": "12",
                "color": {
                    "theme": "1"
                },
                "name": "Calibri"
            },
            "border": {}
        },
        "w": "6",
        "z": "General"
    },
    "G1": {
        "t": "n",
        "v": 7,
        "s": {
            "numFmt": "General",
            "fill": {
                "patternType": "darkHorizontal",
                "fgColor": {
                    "theme": 9,
                    "tint": -0.249977111117893
                },
                "bgColor": {
                    "theme": 5,
                    "tint": 0.3999755851924192
                }
            },
            "font": {
                "sz": "12",
                "color": {
                    "theme": "1"
                },
                "name": "Calibri"
            },
            "border": {}
        },
        "w": "7",
        "z": "General"
    },
    "H1": {
        "t": "n",
        "v": 8,
        "s": {
            "numFmt": "General",
            "fill": {
                "patternType": "lightGrid",
                "fgColor": {
                    "theme": 4
                },
                "bgColor": {
                    "theme": 2,
                    "tint": -0.749992370372631
                }
            },
            "font": {
                "sz": "12",
                "color": {
                    "theme": "1"
                },
                "name": "Calibri"
            },
            "border": {}
        },
        "w": "8",
        "z": "General"
    },
    "I1": {
        "t": "n",
        "v": 9,
        "s": {
            "numFmt": "General",
            "fill": {
                "patternType": "lightGrid",
                "fgColor": {
                    "theme": 4
                },
                "bgColor": {
                    "theme": 2,
                    "tint": -0.749992370372631
                }
            },
            "font": {
                "sz": "12",
                "color": {
                    "theme": "1"
                },
                "name": "Calibri"
            },
            "border": {}
        },
        "w": "9",
        "z": "General"
    },
    "J1": {
        "t": "n",
        "v": 10,
        "s": {
            "numFmt": "General",
            "fill": {
                "patternType": "lightGrid",
                "fgColor": {
                    "theme": 4
                },
                "bgColor": {
                    "theme": 2,
                    "tint": -0.749992370372631
                }
            },
            "font": {
                "sz": "12",
                "color": {
                    "theme": "1"
                },
                "name": "Calibri"
            },
            "border": {}
        },
        "w": "10",
        "z": "General"
    },
    "A2": {
        "t": "n",
        "v": 2,
        "s": {
            "numFmt": "General",
            "fill": {
                "patternType": "darkUp",
                "fgColor": {
                    "theme": 3,
                    "tint": -0.249977111117893
                },
                "bgColor": {
                    "theme": 7,
                    "tint": 0.3999755851924192
                }
            },
            "font": {
                "sz": "12",
                "color": {
                    "theme": "1"
                },
                "name": "Calibri"
            },
            "border": {}
        },
        "w": "2",
        "z": "General"
    },
    "B2": {
        "t": "n",
        "v": 3,
        "f": "A2+1",
        "s": {
            "numFmt": "General",
            "fill": {
                "patternType": "darkUp",
                "fgColor": {
                    "theme": 3,
                    "tint": -0.249977111117893
                },
                "bgColor": {
                    "theme": 7,
                    "tint": 0.3999755851924192
                }
            },
            "font": {
                "sz": "12",
                "color": {
                    "theme": "1"
                },
                "name": "Calibri"
            },
            "border": {}
        },
        "w": "3",
        "z": "General"
    },
    "C2": {
        "t": "n",
        "v": 4,
        "s": {
            "numFmt": "General",
            "fill": {
                "patternType": "darkUp",
                "fgColor": {
                    "theme": 3,
                    "tint": -0.249977111117893
                },
                "bgColor": {
                    "theme": 7,
                    "tint": 0.3999755851924192
                }
            },
            "font": {
                "sz": "12",
                "color": {
                    "theme": "1"
                },
                "name": "Calibri"
            },
            "border": {}
        },
        "w": "4",
        "z": "General"
    },
    "D2": {
        "t": "n",
        "v": 5,
        "s": {
            "numFmt": "General",
            "fill": {
                "patternType": "darkUp",
                "fgColor": {
                    "theme": 3,
                    "tint": -0.249977111117893
                },
                "bgColor": {
                    "theme": 7,
                    "tint": 0.3999755851924192
                }
            },
            "font": {
                "sz": "12",
                "color": {
                    "theme": "1"
                },
                "name": "Calibri"
            },
            "border": {}
        },
        "w": "5",
        "z": "General"
    },
    "E2": {
        "t": "n",
        "v": 6,
        "s": {
            "numFmt": "General",
            "fill": {
                "patternType": "lightDown",
                "fgColor": {
                    "theme": 4,
                    "tint": -0.249977111117893
                },
                "bgColor": {
                    "theme": 7,
                    "tint": -0.249977111117893
                }
            },
            "font": {
                "sz": "12",
                "color": {
                    "theme": "1"
                },
                "name": "Calibri"
            },
            "border": {}
        },
        "w": "6",
        "z": "General"
    },
    "F2": {
        "t": "n",
        "v": 7,
        "s": {
            "numFmt": "General",
            "fill": {
                "patternType": "darkUp",
                "fgColor": {
                    "theme": 3,
                    "tint": -0.249977111117893
                },
                "bgColor": {
                    "theme": 7,
                    "tint": 0.3999755851924192
                }
            },
            "font": {
                "sz": "12",
                "color": {
                    "theme": "1"
                },
                "name": "Calibri"
            },
            "border": {}
        },
        "w": "7",
        "z": "General"
    },
    "G2": {
        "t": "n",
        "v": 8,
        "s": {
            "numFmt": "General",
            "fill": {
                "patternType": "darkUp",
                "fgColor": {
                    "theme": 3,
                    "tint": -0.249977111117893
                },
                "bgColor": {
                    "theme": 7,
                    "tint": 0.3999755851924192
                }
            },
            "font": {
                "sz": "12",
                "color": {
                    "theme": "1"
                },
                "name": "Calibri"
            },
            "border": {}
        },
        "w": "8",
        "z": "General"
    },
    "H2": {
        "t": "n",
        "v": 9,
        "s": {
            "numFmt": "General",
            "fill": {
                "patternType": "lightGrid",
                "fgColor": {
                    "theme": 4
                },
                "bgColor": {
                    "theme": 2,
                    "tint": -0.749992370372631
                }
            },
            "font": {
                "sz": "12",
                "color": {
                    "theme": "1"
                },
                "name": "Calibri"
            },
            "border": {}
        },
        "w": "9",
        "z": "General"
    },
    "I2": {
        "t": "n",
        "v": 10,
        "s": {
            "numFmt": "General",
            "fill": {
                "patternType": "lightGrid",
                "fgColor": {
                    "theme": 4
                },
                "bgColor": {
                    "theme": 2,
                    "tint": -0.749992370372631
                }
            },
            "font": {
                "sz": "12",
                "color": {
                    "theme": "1"
                },
                "name": "Calibri"
            },
            "border": {}
        },
        "w": "10",
        "z": "General"
    },
    "J2": {
        "t": "n",
        "v": 11,
        "s": {
            "numFmt": "General",
            "fill": {
                "patternType": "lightGrid",
                "fgColor": {
                    "theme": 4
                },
                "bgColor": {
                    "theme": 2,
                    "tint": -0.749992370372631
                }
            },
            "font": {
                "sz": "12",
                "color": {
                    "theme": "1"
                },
                "name": "Calibri"
            },
            "border": {}
        },
        "w": "11",
        "z": "General"
    },
    "A3": {
        "t": "n",
        "v": 3,
        "s": {
            "numFmt": "General",
            "fill": {
                "patternType": "darkGray",
                "fgColor": {
                    "theme": 3
                },
                "bgColor": {
                    "theme": 1
                }
            },
            "font": {
                "sz": "12",
                "color": {
                    "theme": "1"
                },
                "name": "Calibri"
            },
            "border": {}
        },
        "w": "3",
        "z": "General"
    },
    "B3": {
        "t": "n",
        "v": 4,
        "s": {
            "numFmt": "General",
            "fill": {
                "patternType": "lightGray",
                "fgColor": {
                    "theme": 6,
                    "tint": 0.3999755851924192
                },
                "bgColor": {
                    "theme": 2,
                    "tint": -0.499984740745262
                }
            },
            "font": {
                "sz": "12",
                "color": {
                    "theme": "1"
                },
                "name": "Calibri"
            },
            "border": {}
        },
        "w": "4",
        "z": "General"
    },
    "C3": {
        "t": "n",
        "v": 5,
        "w": "5",
        "z": "General"
    },
    "D3": {
        "t": "n",
        "v": 6,
        "w": "6",
        "z": "General"
    },
    "E3": {
        "t": "n",
        "v": 7,
        "s": {
            "numFmt": "General",
            "fill": {
                "patternType": "lightDown",
                "fgColor": {
                    "theme": 4,
                    "tint": -0.249977111117893
                },
                "bgColor": {
                    "theme": 7,
                    "tint": -0.249977111117893
                }
            },
            "font": {
                "sz": "12",
                "color": {
                    "theme": "1"
                },
                "name": "Calibri"
            },
            "border": {}
        },
        "w": "7",
        "z": "General"
    },
    "F3": {
        "t": "n",
        "v": 8,
        "w": "8",
        "z": "General"
    },
    "G3": {
        "t": "n",
        "v": 9,
        "w": "9",
        "z": "General"
    },
    "H3": {
        "t": "n",
        "v": 10,
        "s": {
            "numFmt": "General",
            "fill": {
                "patternType": "lightGrid",
                "fgColor": {
                    "theme": 4
                },
                "bgColor": {
                    "theme": 2,
                    "tint": -0.749992370372631
                }
            },
            "font": {
                "sz": "12",
                "color": {
                    "theme": "1"
                },
                "name": "Calibri"
            },
            "border": {}
        },
        "w": "10",
        "z": "General"
    },
    "I3": {
        "t": "n",
        "v": 11,
        "s": {
            "numFmt": "General",
            "fill": {
                "patternType": "lightGrid",
                "fgColor": {
                    "theme": 4
                },
                "bgColor": {
                    "theme": 2,
                    "tint": -0.749992370372631
                }
            },
            "font": {
                "sz": "12",
                "color": {
                    "theme": "1"
                },
                "name": "Calibri"
            },
            "border": {}
        },
        "w": "11",
        "z": "General"
    },
    "J3": {
        "t": "n",
        "v": 12,
        "s": {
            "numFmt": "General",
            "fill": {
                "patternType": "lightGrid",
                "fgColor": {
                    "theme": 4
                },
                "bgColor": {
                    "theme": 2,
                    "tint": -0.749992370372631
                }
            },
            "font": {
                "sz": "12",
                "color": {
                    "theme": "1"
                },
                "name": "Calibri"
            },
            "border": {}
        },
        "w": "12",
        "z": "General"
    },
    "A4": {
        "t": "n",
        "v": 4,
        "s": {
            "numFmt": "General",
            "fill": {
                "patternType": "darkGray",
                "fgColor": {
                    "theme": 3
                },
                "bgColor": {
                    "theme": 1
                }
            },
            "font": {
                "sz": "12",
                "color": {
                    "theme": "1"
                },
                "name": "Calibri"
            },
            "border": {}
        },
        "w": "4",
        "z": "General"
    },
    "B4": {
        "t": "n",
        "v": 5,
        "s": {
            "numFmt": "General",
            "fill": {
                "patternType": "lightGray",
                "fgColor": {
                    "theme": 6,
                    "tint": 0.3999755851924192
                },
                "bgColor": {
                    "theme": 2,
                    "tint": -0.499984740745262
                }
            },
            "font": {
                "sz": "12",
                "color": {
                    "theme": "1"
                },
                "name": "Calibri"
            },
            "border": {}
        },
        "w": "5",
        "z": "General"
    },
    "C4": {
        "t": "n",
        "v": 6,
        "w": "6",
        "z": "General"
    },
    "D4": {
        "t": "n",
        "v": 7,
        "w": "7",
        "z": "General"
    },
    "E4": {
        "t": "n",
        "v": 8,
        "s": {
            "numFmt": "General",
            "fill": {
                "patternType": "lightDown",
                "fgColor": {
                    "theme": 4,
                    "tint": -0.249977111117893
                },
                "bgColor": {
                    "theme": 7,
                    "tint": -0.249977111117893
                }
            },
            "font": {
                "sz": "12",
                "color": {
                    "theme": "1"
                },
                "name": "Calibri"
            },
            "border": {}
        },
        "w": "8",
        "z": "General"
    },
    "F4": {
        "t": "n",
        "v": 9,
        "w": "9",
        "z": "General"
    },
    "G4": {
        "t": "n",
        "v": 10,
        "w": "10",
        "z": "General"
    },
    "H4": {
        "t": "n",
        "v": 11,
        "s": {
            "numFmt": "General",
            "fill": {
                "patternType": "lightGrid",
                "fgColor": {
                    "theme": 4
                },
                "bgColor": {
                    "theme": 2,
                    "tint": -0.749992370372631
                }
            },
            "font": {
                "sz": "12",
                "color": {
                    "theme": "1"
                },
                "name": "Calibri"
            },
            "border": {}
        },
        "w": "11",
        "z": "General"
    },
    "I4": {
        "t": "n",
        "v": 12,
        "s": {
            "numFmt": "General",
            "fill": {
                "patternType": "lightGrid",
                "fgColor": {
                    "theme": 4
                },
                "bgColor": {
                    "theme": 2,
                    "tint": -0.749992370372631
                }
            },
            "font": {
                "sz": "12",
                "color": {
                    "theme": "1"
                },
                "name": "Calibri"
            },
            "border": {}
        },
        "w": "12",
        "z": "General"
    },
    "J4": {
        "t": "n",
        "v": 13,
        "s": {
            "numFmt": "General",
            "fill": {
                "patternType": "lightGrid",
                "fgColor": {
                    "theme": 4
                },
                "bgColor": {
                    "theme": 2,
                    "tint": -0.749992370372631
                }
            },
            "font": {
                "sz": "12",
                "color": {
                    "theme": "1"
                },
                "name": "Calibri"
            },
            "border": {}
        },
        "w": "13",
        "z": "General"
    },
    "A5": {
        "t": "n",
        "v": 5,
        "s": {
            "numFmt": "General",
            "fill": {
                "patternType": "darkGray",
                "fgColor": {
                    "theme": 3
                },
                "bgColor": {
                    "theme": 1
                }
            },
            "font": {
                "sz": "12",
                "color": {
                    "theme": "1"
                },
                "name": "Calibri"
            },
            "border": {}
        },
        "w": "5",
        "z": "General"
    },
    "B5": {
        "t": "n",
        "v": 6,
        "s": {
            "numFmt": "General",
            "fill": {
                "patternType": "lightGray",
                "fgColor": {
                    "theme": 6,
                    "tint": 0.3999755851924192
                },
                "bgColor": {
                    "theme": 2,
                    "tint": -0.499984740745262
                }
            },
            "font": {
                "sz": "12",
                "color": {
                    "theme": "1"
                },
                "name": "Calibri"
            },
            "border": {}
        },
        "w": "6",
        "z": "General"
    },
    "C5": {
        "t": "n",
        "v": 7,
        "w": "7",
        "z": "General"
    },
    "D5": {
        "t": "n",
        "v": 8,
        "w": "8",
        "z": "General"
    },
    "E5": {
        "t": "n",
        "v": 9,
        "s": {
            "numFmt": "General",
            "fill": {
                "patternType": "lightDown",
                "fgColor": {
                    "theme": 4,
                    "tint": -0.249977111117893
                },
                "bgColor": {
                    "theme": 7,
                    "tint": -0.249977111117893
                }
            },
            "font": {
                "sz": "12",
                "color": {
                    "theme": "1"
                },
                "name": "Calibri"
            },
            "border": {}
        },
        "w": "9",
        "z": "General"
    },
    "F5": {
        "t": "n",
        "v": 10,
        "w": "10",
        "z": "General"
    },
    "G5": {
        "t": "n",
        "v": 11,
        "w": "11",
        "z": "General"
    },
    "H5": {
        "t": "n",
        "v": 12,
        "w": "12",
        "z": "General"
    },
    "I5": {
        "t": "n",
        "v": 13,
        "w": "13",
        "z": "General"
    },
    "J5": {
        "t": "n",
        "v": 14,
        "w": "14",
        "z": "General"
    },
    "A6": {
        "t": "n",
        "v": 6,
        "s": {
            "numFmt": "General",
            "fill": {
                "patternType": "darkGray",
                "fgColor": {
                    "theme": 3
                },
                "bgColor": {
                    "theme": 1
                }
            },
            "font": {
                "sz": "12",
                "color": {
                    "theme": "1"
                },
                "name": "Calibri"
            },
            "border": {}
        },
        "w": "6",
        "z": "General"
    },
    "B6": {
        "t": "n",
        "v": 7,
        "s": {
            "numFmt": "General",
            "fill": {
                "patternType": "lightGray",
                "fgColor": {
                    "theme": 6,
                    "tint": 0.3999755851924192
                },
                "bgColor": {
                    "theme": 2,
                    "tint": -0.499984740745262
                }
            },
            "font": {
                "sz": "12",
                "color": {
                    "theme": "1"
                },
                "name": "Calibri"
            },
            "border": {}
        },
        "w": "7",
        "z": "General"
    },
    "C6": {
        "t": "n",
        "v": 8,
        "w": "8",
        "z": "General"
    },
    "D6": {
        "t": "n",
        "v": 9,
        "w": "9",
        "z": "General"
    },
    "E6": {
        "t": "n",
        "v": 10,
        "s": {
            "numFmt": "General",
            "fill": {
                "patternType": "lightDown",
                "fgColor": {
                    "theme": 4,
                    "tint": -0.249977111117893
                },
                "bgColor": {
                    "theme": 7,
                    "tint": -0.249977111117893
                }
            },
            "font": {
                "sz": "12",
                "color": {
                    "theme": "1"
                },
                "name": "Calibri"
            },
            "border": {}
        },
        "w": "10",
        "z": "General"
    },
    "F6": {
        "t": "n",
        "v": 11,
        "s": {
            "numFmt": "General",
            "fill": {
                "patternType": "lightGrid",
                "fgColor": {
                    "theme": 6,
                    "tint": -0.249977111117893
                },
                "bgColor": {
                    "theme": 9,
                    "tint": -0.249977111117893
                }
            },
            "font": {
                "sz": "12",
                "color": {
                    "theme": "1"
                },
                "name": "Calibri"
            },
            "border": {}
        },
        "w": "11",
        "z": "General"
    },
    "G6": {
        "t": "n",
        "v": 12,
        "w": "12",
        "z": "General"
    },
    "H6": {
        "t": "n",
        "v": 13,
        "w": "13",
        "z": "General"
    },
    "I6": {
        "t": "n",
        "v": 14,
        "w": "14",
        "z": "General"
    },
    "J6": {
        "t": "n",
        "v": 15,
        "w": "15",
        "z": "General"
    },
    "A7": {
        "t": "n",
        "v": 7,
        "s": {
            "numFmt": "General",
            "fill": {
                "patternType": "darkGray",
                "fgColor": {
                    "theme": 3
                },
                "bgColor": {
                    "theme": 1
                }
            },
            "font": {
                "sz": "12",
                "color": {
                    "theme": "1"
                },
                "name": "Calibri"
            },
            "border": {}
        },
        "w": "7",
        "z": "General"
    },
    "B7": {
        "t": "n",
        "v": 8,
        "s": {
            "numFmt": "General",
            "fill": {
                "patternType": "lightGray",
                "fgColor": {
                    "theme": 6,
                    "tint": 0.3999755851924192
                },
                "bgColor": {
                    "theme": 2,
                    "tint": -0.499984740745262
                }
            },
            "font": {
                "sz": "12",
                "color": {
                    "theme": "1"
                },
                "name": "Calibri"
            },
            "border": {}
        },
        "w": "8",
        "z": "General"
    },
    "C7": {
        "t": "n",
        "v": 9,
        "w": "9",
        "z": "General"
    },
    "D7": {
        "t": "n",
        "v": 10,
        "w": "10",
        "z": "General"
    },
    "E7": {
        "t": "n",
        "v": 11,
        "s": {
            "numFmt": "General",
            "fill": {
                "patternType": "lightDown",
                "fgColor": {
                    "theme": 4,
                    "tint": -0.249977111117893
                },
                "bgColor": {
                    "theme": 7,
                    "tint": -0.249977111117893
                }
            },
            "font": {
                "sz": "12",
                "color": {
                    "theme": "1"
                },
                "name": "Calibri"
            },
            "border": {}
        },
        "w": "11",
        "z": "General"
    },
    "F7": {
        "t": "n",
        "v": 12,
        "s": {
            "numFmt": "General",
            "fill": {
                "patternType": "lightGrid",
                "fgColor": {
                    "theme": 6,
                    "tint": -0.249977111117893
                },
                "bgColor": {
                    "theme": 9,
                    "tint": -0.249977111117893
                }
            },
            "font": {
                "sz": "12",
                "color": {
                    "theme": "1"
                },
                "name": "Calibri"
            },
            "border": {}
        },
        "w": "12",
        "z": "General"
    },
    "G7": {
        "t": "n",
        "v": 13,
        "w": "13",
        "z": "General"
    },
    "H7": {
        "t": "n",
        "v": 14,
        "w": "14",
        "z": "General"
    },
    "I7": {
        "t": "n",
        "v": 15,
        "w": "15",
        "z": "General"
    },
    "J7": {
        "t": "n",
        "v": 16,
        "w": "16",
        "z": "General"
    },
    "A8": {
        "t": "n",
        "v": 8,
        "s": {
            "numFmt": "General",
            "fill": {
                "patternType": "darkGray",
                "fgColor": {
                    "theme": 3
                },
                "bgColor": {
                    "theme": 1
                }
            },
            "font": {
                "sz": "12",
                "color": {
                    "theme": "1"
                },
                "name": "Calibri"
            },
            "border": {}
        },
        "w": "8",
        "z": "General"
    },
    "B8": {
        "t": "n",
        "v": 9,
        "s": {
            "numFmt": "General",
            "fill": {
                "patternType": "lightGray",
                "fgColor": {
                    "theme": 6,
                    "tint": 0.3999755851924192
                },
                "bgColor": {
                    "theme": 2,
                    "tint": -0.499984740745262
                }
            },
            "font": {
                "sz": "12",
                "color": {
                    "theme": "1"
                },
                "name": "Calibri"
            },
            "border": {}
        },
        "w": "9",
        "z": "General"
    },
    "C8": {
        "t": "n",
        "v": 10,
        "w": "10",
        "z": "General"
    },
    "D8": {
        "t": "n",
        "v": 11,
        "w": "11",
        "z": "General"
    },
    "E8": {
        "t": "n",
        "v": 12,
        "s": {
            "numFmt": "General",
            "fill": {
                "patternType": "lightDown",
                "fgColor": {
                    "theme": 4,
                    "tint": -0.249977111117893
                },
                "bgColor": {
                    "theme": 7,
                    "tint": -0.249977111117893
                }
            },
            "font": {
                "sz": "12",
                "color": {
                    "theme": "1"
                },
                "name": "Calibri"
            },
            "border": {}
        },
        "w": "12",
        "z": "General"
    },
    "F8": {
        "t": "n",
        "v": 13,
        "s": {
            "numFmt": "General",
            "fill": {
                "patternType": "lightGrid",
                "fgColor": {
                    "theme": 6,
                    "tint": -0.249977111117893
                },
                "bgColor": {
                    "theme": 9,
                    "tint": -0.249977111117893
                }
            },
            "font": {
                "sz": "12",
                "color": {
                    "theme": "1"
                },
                "name": "Calibri"
            },
            "border": {}
        },
        "w": "13",
        "z": "General"
    },
    "G8": {
        "t": "n",
        "v": 14,
        "w": "14",
        "z": "General"
    },
    "H8": {
        "t": "n",
        "v": 15,
        "w": "15",
        "z": "General"
    },
    "I8": {
        "t": "n",
        "v": 16,
        "w": "16",
        "z": "General"
    },
    "J8": {
        "t": "n",
        "v": 17,
        "w": "17",
        "z": "General"
    },
    "A9": {
        "t": "n",
        "v": 9,
        "s": {
            "numFmt": "General",
            "fill": {
                "patternType": "darkGray",
                "fgColor": {
                    "theme": 3
                },
                "bgColor": {
                    "theme": 1
                }
            },
            "font": {
                "sz": "12",
                "color": {
                    "theme": "1"
                },
                "name": "Calibri"
            },
            "border": {}
        },
        "w": "9",
        "z": "General"
    },
    "B9": {
        "t": "n",
        "v": 10,
        "s": {
            "numFmt": "General",
            "fill": {
                "patternType": "lightGray",
                "fgColor": {
                    "theme": 6,
                    "tint": 0.3999755851924192
                },
                "bgColor": {
                    "theme": 2,
                    "tint": -0.499984740745262
                }
            },
            "font": {
                "sz": "12",
                "color": {
                    "theme": "1"
                },
                "name": "Calibri"
            },
            "border": {}
        },
        "w": "10",
        "z": "General"
    },
    "C9": {
        "t": "n",
        "v": 11,
        "w": "11",
        "z": "General"
    },
    "D9": {
        "t": "n",
        "v": 12,
        "w": "12",
        "z": "General"
    },
    "E9": {
        "t": "n",
        "v": 13,
        "s": {
            "numFmt": "General",
            "fill": {
                "patternType": "lightDown",
                "fgColor": {
                    "theme": 4,
                    "tint": -0.249977111117893
                },
                "bgColor": {
                    "theme": 7,
                    "tint": -0.249977111117893
                }
            },
            "font": {
                "sz": "12",
                "color": {
                    "theme": "1"
                },
                "name": "Calibri"
            },
            "border": {}
        },
        "w": "13",
        "z": "General"
    },
    "F9": {
        "t": "n",
        "v": 14,
        "w": "14",
        "z": "General"
    },
    "G9": {
        "t": "n",
        "v": 15,
        "w": "15",
        "z": "General"
    },
    "H9": {
        "t": "n",
        "v": 16,
        "w": "16",
        "z": "General"
    },
    "I9": {
        "t": "n",
        "v": 17,
        "w": "17",
        "z": "General"
    },
    "J9": {
        "t": "n",
        "v": 18,
        "w": "18",
        "z": "General"
    },
    "A10": {
        "t": "n",
        "v": 10,
        "s": {
            "numFmt": "General",
            "fill": {
                "patternType": "darkGray",
                "fgColor": {
                    "theme": 3
                },
                "bgColor": {
                    "theme": 1
                }
            },
            "font": {
                "sz": "12",
                "color": {
                    "theme": "1"
                },
                "name": "Calibri"
            },
            "border": {}
        },
        "w": "10",
        "z": "General"
    },
    "B10": {
        "t": "n",
        "v": 11,
        "s": {
            "numFmt": "General",
            "fill": {
                "patternType": "lightGray",
                "fgColor": {
                    "theme": 6,
                    "tint": 0.3999755851924192
                },
                "bgColor": {
                    "theme": 2,
                    "tint": -0.499984740745262
                }
            },
            "font": {
                "sz": "12",
                "color": {
                    "theme": "1"
                },
                "name": "Calibri"
            },
            "border": {}
        },
        "w": "11",
        "z": "General"
    },
    "C10": {
        "t": "n",
        "v": 12,
        "w": "12",
        "z": "General"
    },
    "D10": {
        "t": "n",
        "v": 13,
        "w": "13",
        "z": "General"
    },
    "E10": {
        "t": "n",
        "v": 14,
        "s": {
            "numFmt": "General",
            "fill": {
                "patternType": "lightDown",
                "fgColor": {
                    "theme": 4,
                    "tint": -0.249977111117893
                },
                "bgColor": {
                    "theme": 7,
                    "tint": -0.249977111117893
                }
            },
            "font": {
                "sz": "12",
                "color": {
                    "theme": "1"
                },
                "name": "Calibri"
            },
            "border": {}
        },
        "w": "14",
        "z": "General"
    },
    "F10": {
        "t": "n",
        "v": 15,
        "w": "15",
        "z": "General"
    },
    "G10": {
        "t": "n",
        "v": 16,
        "w": "16",
        "z": "General"
    },
    "H10": {
        "t": "n",
        "v": 17,
        "s": {
            "numFmt": "General",
            "fill": {
                "patternType": "lightVertical",
                "fgColor": {
                    "theme": 3,
                    "tint": 0.3999755851924192
                },
                "bgColor": {
                    "theme": 7,
                    "tint": 0.3999755851924192
                }
            },
            "font": {
                "sz": "12",
                "color": {
                    "theme": "1"
                },
                "name": "Calibri"
            },
            "border": {}
        },
        "w": "17",
        "z": "General"
    },
    "I10": {
        "t": "n",
        "v": 18,
        "w": "18",
        "z": "General"
    },
    "J10": {
        "t": "n",
        "v": 19,
        "w": "19",
        "z": "General"
    },
    "!cols": [
        [],
        [],
        null,
        null,
        []
    ]
}
